[{"model": "admin.logentry", "pk": 1, "fields": {"action_time": "2023-03-23T10:57:17.959Z", "user": 1, "content_type": 7, "object_id": "1", "object_repr": "potato", "action_flag": 1, "change_message": "[{\"added\": {}}]"}}, {"model": "admin.logentry", "pk": 2, "fields": {"action_time": "2023-03-23T10:57:24.800Z", "user": 1, "content_type": 7, "object_id": "2", "object_repr": "carrot", "action_flag": 1, "change_message": "[{\"added\": {}}]"}}, {"model": "admin.logentry", "pk": 3, "fields": {"action_time": "2023-03-23T10:57:40.341Z", "user": 1, "content_type": 9, "object_id": "1", "object_repr": "testy)rec", "action_flag": 1, "change_message": "[{\"added\": {}}]"}}, {"model": "admin.logentry", "pk": 4, "fields": {"action_time": "2023-03-23T11:13:01.215Z", "user": 1, "content_type": 9, "object_id": "2", "object_repr": "testtt", "action_flag": 1, "change_message": "[{\"added\": {}}, {\"added\": {\"name\": \"food recipe\", \"object\": \"FoodRecipe object (1)\"}}, {\"added\": {\"name\": \"food recipe\", \"object\": \"FoodRecipe object (2)\"}}]"}}, {"model": "admin.logentry", "pk": 5, "fields": {"action_time": "2023-03-23T11:15:47.940Z", "user": 1, "content_type": 10, "object_id": "1", "object_repr": "tag_1", "action_flag": 1, "change_message": "[{\"added\": {}}]"}}, {"model": "admin.logentry", "pk": 6, "fields": {"action_time": "2023-03-23T11:15:58.503Z", "user": 1, "content_type": 10, "object_id": "2", "object_repr": "tag_2", "action_flag": 1, "change_message": "[{\"added\": {}}]"}}, {"model": "admin.logentry", "pk": 7, "fields": {"action_time": "2023-03-23T11:16:26.237Z", "user": 1, "content_type": 9, "object_id": "3", "object_repr": "1616", "action_flag": 1, "change_message": "[{\"added\": {}}, {\"added\": {\"name\": \"food recipe\", \"object\": \"FoodRecipe object (3)\"}}, {\"added\": {\"name\": \"tag recipe\", \"object\": \"TagRecipe object (1)\"}}, {\"added\": {\"name\": \"tag recipe\", \"object\": \"TagRecipe object (2)\"}}]"}}, {"model": "admin.logentry", "pk": 8, "fields": {"action_time": "2023-03-23T12:47:36.552Z", "user": 1, "content_type": 6, "object_id": "2", "object_repr": "tester", "action_flag": 1, "change_message": "[{\"added\": {}}]"}}, {"model": "admin.logentry", "pk": 9, "fields": {"action_time": "2023-03-23T12:47:45.593Z", "user": 1, "content_type": 12, "object_id": "1", "object_repr": "Subscription object (1)", "action_flag": 1, "change_message": "[{\"added\": {}}]"}}, {"model": "admin.logentry", "pk": 10, "fields": {"action_time": "2023-03-28T10:08:30.416Z", "user": 1, "content_type": 10, "object_id": "3", "object_repr": "red", "action_flag": 1, "change_message": "[{\"added\": {}}]"}}, {"model": "admin.logentry", "pk": 11, "fields": {"action_time": "2023-03-28T10:08:57.492Z", "user": 1, "content_type": 10, "object_id": "4", "object_repr": "black", "action_flag": 1, "change_message": "[{\"added\": {}}]"}}, {"model": "admin.logentry", "pk": 12, "fields": {"action_time": "2023-03-28T10:09:18.431Z", "user": 1, "content_type": 10, "object_id": "5", "object_repr": "olive", "action_flag": 1, "change_message": "[{\"added\": {}}]"}}, {"model": "admin.logentry", "pk": 13, "fields": {"action_time": "2023-03-28T10:10:11.188Z", "user": 1, "content_type": 9, "object_id": "53", "object_repr": "-----wow----", "action_flag": 3, "change_message": ""}}, {"model": "admin.logentry", "pk": 14, "fields": {"action_time": "2023-03-28T10:10:11.190Z", "user": 1, "content_type": 9, "object_id": "52", "object_repr": "-----wow----", "action_flag": 3, "change_message": ""}}, {"model": "admin.logentry", "pk": 15, "fields": {"action_time": "2023-03-28T10:10:11.191Z", "user": 1, "content_type": 9, "object_id": "51", "object_repr": "-----wow----", "action_flag": 3, "change_message": ""}}, {"model": "admin.logentry", "pk": 16, "fields": {"action_time": "2023-03-28T10:10:11.192Z", "user": 1, "content_type": 9, "object_id": "50", "object_repr": "---------", "action_flag": 3, "change_message": ""}}, {"model": "admin.logentry", "pk": 17, "fields": {"action_time": "2023-03-28T10:10:11.193Z", "user": 1, "content_type": 9, "object_id": "49", "object_repr": "---------", "action_flag": 3, "change_message": ""}}, {"model": "admin.logentry", "pk": 18, "fields": {"action_time": "2023-03-28T10:10:11.194Z", "user": 1, "content_type": 9, "object_id": "48", "object_repr": "---------", "action_flag": 3, "change_message": ""}}, {"model": "admin.logentry", "pk": 19, "fields": {"action_time": "2023-03-28T10:10:11.195Z", "user": 1, "content_type": 9, "object_id": "47", "object_repr": "---------", "action_flag": 3, "change_message": ""}}, {"model": "admin.logentry", "pk": 20, "fields": {"action_time": "2023-03-28T10:10:11.196Z", "user": 1, "content_type": 9, "object_id": "46", "object_repr": "---------", "action_flag": 3, "change_message": ""}}, {"model": "admin.logentry", "pk": 21, "fields": {"action_time": "2023-03-28T10:10:11.196Z", "user": 1, "content_type": 9, "object_id": "45", "object_repr": "---------", "action_flag": 3, "change_message": ""}}, {"model": "admin.logentry", "pk": 22, "fields": {"action_time": "2023-03-28T10:10:11.197Z", "user": 1, "content_type": 9, "object_id": "44", "object_repr": "---------", "action_flag": 3, "change_message": ""}}, {"model": "admin.logentry", "pk": 23, "fields": {"action_time": "2023-03-28T10:10:11.198Z", "user": 1, "content_type": 9, "object_id": "43", "object_repr": "---------", "action_flag": 3, "change_message": ""}}, {"model": "admin.logentry", "pk": 24, "fields": {"action_time": "2023-03-28T10:10:11.199Z", "user": 1, "content_type": 9, "object_id": "42", "object_repr": "---------", "action_flag": 3, "change_message": ""}}, {"model": "admin.logentry", "pk": 25, "fields": {"action_time": "2023-03-28T10:10:11.200Z", "user": 1, "content_type": 9, "object_id": "41", "object_repr": "---------", "action_flag": 3, "change_message": ""}}, {"model": "admin.logentry", "pk": 26, "fields": {"action_time": "2023-03-28T10:10:11.201Z", "user": 1, "content_type": 9, "object_id": "40", "object_repr": "---------", "action_flag": 3, "change_message": ""}}, {"model": "admin.logentry", "pk": 27, "fields": {"action_time": "2023-03-28T10:10:11.201Z", "user": 1, "content_type": 9, "object_id": "39", "object_repr": "---------", "action_flag": 3, "change_message": ""}}, {"model": "admin.logentry", "pk": 28, "fields": {"action_time": "2023-03-28T10:10:11.202Z", "user": 1, "content_type": 9, "object_id": "38", "object_repr": "---------", "action_flag": 3, "change_message": ""}}, {"model": "admin.logentry", "pk": 29, "fields": {"action_time": "2023-03-28T10:10:11.202Z", "user": 1, "content_type": 9, "object_id": "37", "object_repr": "---------", "action_flag": 3, "change_message": ""}}, {"model": "admin.logentry", "pk": 30, "fields": {"action_time": "2023-03-28T10:10:11.203Z", "user": 1, "content_type": 9, "object_id": "36", "object_repr": "---------", "action_flag": 3, "change_message": ""}}, {"model": "admin.logentry", "pk": 31, "fields": {"action_time": "2023-03-28T10:10:11.203Z", "user": 1, "content_type": 9, "object_id": "35", "object_repr": "api_rec_1", "action_flag": 3, "change_message": ""}}, {"model": "admin.logentry", "pk": 32, "fields": {"action_time": "2023-03-28T10:10:11.204Z", "user": 1, "content_type": 9, "object_id": "34", "object_repr": "api_rec_1", "action_flag": 3, "change_message": ""}}, {"model": "admin.logentry", "pk": 33, "fields": {"action_time": "2023-03-28T10:10:11.205Z", "user": 1, "content_type": 9, "object_id": "33", "object_repr": "api_rec_1", "action_flag": 3, "change_message": ""}}, {"model": "admin.logentry", "pk": 34, "fields": {"action_time": "2023-03-28T10:10:11.205Z", "user": 1, "content_type": 9, "object_id": "32", "object_repr": "api_rec_1", "action_flag": 3, "change_message": ""}}, {"model": "admin.logentry", "pk": 35, "fields": {"action_time": "2023-03-28T10:10:11.206Z", "user": 1, "content_type": 9, "object_id": "31", "object_repr": "api_rec_1", "action_flag": 3, "change_message": ""}}, {"model": "admin.logentry", "pk": 36, "fields": {"action_time": "2023-03-28T10:10:11.207Z", "user": 1, "content_type": 9, "object_id": "30", "object_repr": "api_rec_1", "action_flag": 3, "change_message": ""}}, {"model": "admin.logentry", "pk": 37, "fields": {"action_time": "2023-03-28T10:10:11.208Z", "user": 1, "content_type": 9, "object_id": "29", "object_repr": "api_rec_1", "action_flag": 3, "change_message": ""}}, {"model": "admin.logentry", "pk": 38, "fields": {"action_time": "2023-03-28T10:10:11.208Z", "user": 1, "content_type": 9, "object_id": "28", "object_repr": "api_rec_1", "action_flag": 3, "change_message": ""}}, {"model": "admin.logentry", "pk": 39, "fields": {"action_time": "2023-03-28T10:10:11.209Z", "user": 1, "content_type": 9, "object_id": "27", "object_repr": "api_rec_1", "action_flag": 3, "change_message": ""}}, {"model": "admin.logentry", "pk": 40, "fields": {"action_time": "2023-03-28T10:10:11.209Z", "user": 1, "content_type": 9, "object_id": "26", "object_repr": "api_rec_1", "action_flag": 3, "change_message": ""}}, {"model": "admin.logentry", "pk": 41, "fields": {"action_time": "2023-03-28T10:10:11.210Z", "user": 1, "content_type": 9, "object_id": "25", "object_repr": "api_rec_1", "action_flag": 3, "change_message": ""}}, {"model": "admin.logentry", "pk": 42, "fields": {"action_time": "2023-03-28T10:10:11.211Z", "user": 1, "content_type": 9, "object_id": "24", "object_repr": "api_rec_1", "action_flag": 3, "change_message": ""}}, {"model": "admin.logentry", "pk": 43, "fields": {"action_time": "2023-03-28T10:10:11.211Z", "user": 1, "content_type": 9, "object_id": "23", "object_repr": "api_rec_1", "action_flag": 3, "change_message": ""}}, {"model": "admin.logentry", "pk": 44, "fields": {"action_time": "2023-03-28T10:10:11.212Z", "user": 1, "content_type": 9, "object_id": "22", "object_repr": "api_rec_1", "action_flag": 3, "change_message": ""}}, {"model": "admin.logentry", "pk": 45, "fields": {"action_time": "2023-03-28T10:10:11.213Z", "user": 1, "content_type": 9, "object_id": "21", "object_repr": "api_rec_1", "action_flag": 3, "change_message": ""}}, {"model": "admin.logentry", "pk": 46, "fields": {"action_time": "2023-03-28T10:10:11.213Z", "user": 1, "content_type": 9, "object_id": "20", "object_repr": "api_rec_1", "action_flag": 3, "change_message": ""}}, {"model": "admin.logentry", "pk": 47, "fields": {"action_time": "2023-03-28T10:10:11.214Z", "user": 1, "content_type": 9, "object_id": "19", "object_repr": "api_rec_1", "action_flag": 3, "change_message": ""}}, {"model": "admin.logentry", "pk": 48, "fields": {"action_time": "2023-03-28T10:10:11.215Z", "user": 1, "content_type": 9, "object_id": "18", "object_repr": "api_rec_1", "action_flag": 3, "change_message": ""}}, {"model": "admin.logentry", "pk": 49, "fields": {"action_time": "2023-03-28T10:10:11.215Z", "user": 1, "content_type": 9, "object_id": "17", "object_repr": "api_rec_1", "action_flag": 3, "change_message": ""}}, {"model": "admin.logentry", "pk": 50, "fields": {"action_time": "2023-03-28T10:10:11.216Z", "user": 1, "content_type": 9, "object_id": "16", "object_repr": "api_rec_1", "action_flag": 3, "change_message": ""}}, {"model": "admin.logentry", "pk": 51, "fields": {"action_time": "2023-03-28T10:10:11.217Z", "user": 1, "content_type": 9, "object_id": "15", "object_repr": "api_rec_1", "action_flag": 3, "change_message": ""}}, {"model": "admin.logentry", "pk": 52, "fields": {"action_time": "2023-03-28T10:10:11.217Z", "user": 1, "content_type": 9, "object_id": "14", "object_repr": "api_rec_1", "action_flag": 3, "change_message": ""}}, {"model": "admin.logentry", "pk": 53, "fields": {"action_time": "2023-03-28T10:10:11.220Z", "user": 1, "content_type": 9, "object_id": "13", "object_repr": "api_rec_1", "action_flag": 3, "change_message": ""}}, {"model": "admin.logentry", "pk": 54, "fields": {"action_time": "2023-03-28T10:10:11.220Z", "user": 1, "content_type": 9, "object_id": "12", "object_repr": "api_rec_1", "action_flag": 3, "change_message": ""}}, {"model": "admin.logentry", "pk": 55, "fields": {"action_time": "2023-03-28T10:10:11.221Z", "user": 1, "content_type": 9, "object_id": "11", "object_repr": "api_rec_1", "action_flag": 3, "change_message": ""}}, {"model": "admin.logentry", "pk": 56, "fields": {"action_time": "2023-03-28T10:10:11.222Z", "user": 1, "content_type": 9, "object_id": "10", "object_repr": "api_rec_1", "action_flag": 3, "change_message": ""}}, {"model": "admin.logentry", "pk": 57, "fields": {"action_time": "2023-03-28T10:10:11.222Z", "user": 1, "content_type": 9, "object_id": "9", "object_repr": "api_rec_1", "action_flag": 3, "change_message": ""}}, {"model": "admin.logentry", "pk": 58, "fields": {"action_time": "2023-03-28T10:10:11.223Z", "user": 1, "content_type": 9, "object_id": "8", "object_repr": "api_rec_1", "action_flag": 3, "change_message": ""}}, {"model": "admin.logentry", "pk": 59, "fields": {"action_time": "2023-03-28T10:10:11.224Z", "user": 1, "content_type": 9, "object_id": "7", "object_repr": "api_rec_1", "action_flag": 3, "change_message": ""}}, {"model": "admin.logentry", "pk": 60, "fields": {"action_time": "2023-03-28T10:10:11.224Z", "user": 1, "content_type": 9, "object_id": "6", "object_repr": "api_rec_1", "action_flag": 3, "change_message": ""}}, {"model": "admin.logentry", "pk": 61, "fields": {"action_time": "2023-03-28T10:10:11.225Z", "user": 1, "content_type": 9, "object_id": "5", "object_repr": "api_rec_1", "action_flag": 3, "change_message": ""}}, {"model": "admin.logentry", "pk": 62, "fields": {"action_time": "2023-03-28T10:10:56.171Z", "user": 1, "content_type": 9, "object_id": "55", "object_repr": "15_10", "action_flag": 1, "change_message": "[{\"added\": {}}, {\"added\": {\"name\": \"food recipe\", \"object\": \"FoodRecipe object (32)\"}}, {\"added\": {\"name\": \"tag recipe\", \"object\": \"TagRecipe object (3)\"}}, {\"added\": {\"name\": \"tag recipe\", \"object\": \"TagRecipe object (4)\"}}]"}}, {"model": "admin.logentry", "pk": 63, "fields": {"action_time": "2023-03-28T15:07:48.386Z", "user": 1, "content_type": 9, "object_id": "78", "object_repr": "-----sdada----", "action_flag": 3, "change_message": ""}}, {"model": "admin.logentry", "pk": 64, "fields": {"action_time": "2023-03-28T15:07:48.388Z", "user": 1, "content_type": 9, "object_id": "77", "object_repr": "-----sdada----", "action_flag": 3, "change_message": ""}}, {"model": "admin.logentry", "pk": 65, "fields": {"action_time": "2023-03-28T15:07:48.389Z", "user": 1, "content_type": 9, "object_id": "76", "object_repr": "-----sdada----", "action_flag": 3, "change_message": ""}}, {"model": "admin.logentry", "pk": 66, "fields": {"action_time": "2023-03-28T15:07:48.390Z", "user": 1, "content_type": 9, "object_id": "75", "object_repr": "-----sdada----", "action_flag": 3, "change_message": ""}}, {"model": "admin.logentry", "pk": 67, "fields": {"action_time": "2023-03-28T15:07:48.391Z", "user": 1, "content_type": 9, "object_id": "74", "object_repr": "-----sdada----", "action_flag": 3, "change_message": ""}}, {"model": "admin.logentry", "pk": 68, "fields": {"action_time": "2023-03-28T15:07:48.391Z", "user": 1, "content_type": 9, "object_id": "73", "object_repr": "-----sdada----", "action_flag": 3, "change_message": ""}}, {"model": "admin.logentry", "pk": 69, "fields": {"action_time": "2023-03-28T15:07:48.392Z", "user": 1, "content_type": 9, "object_id": "72", "object_repr": "-----sdada----", "action_flag": 3, "change_message": ""}}, {"model": "admin.logentry", "pk": 70, "fields": {"action_time": "2023-03-28T15:07:48.393Z", "user": 1, "content_type": 9, "object_id": "71", "object_repr": "-----sdada----", "action_flag": 3, "change_message": ""}}, {"model": "admin.logentry", "pk": 71, "fields": {"action_time": "2023-03-28T15:07:48.394Z", "user": 1, "content_type": 9, "object_id": "70", "object_repr": "-----sdada----", "action_flag": 3, "change_message": ""}}, {"model": "admin.logentry", "pk": 72, "fields": {"action_time": "2023-03-28T15:07:48.396Z", "user": 1, "content_type": 9, "object_id": "69", "object_repr": "-----sdada----", "action_flag": 3, "change_message": ""}}, {"model": "admin.logentry", "pk": 73, "fields": {"action_time": "2023-03-28T15:07:48.397Z", "user": 1, "content_type": 9, "object_id": "68", "object_repr": "-----sdada----", "action_flag": 3, "change_message": ""}}, {"model": "admin.logentry", "pk": 74, "fields": {"action_time": "2023-03-28T15:07:48.399Z", "user": 1, "content_type": 9, "object_id": "67", "object_repr": "-----sdada----", "action_flag": 3, "change_message": ""}}, {"model": "admin.logentry", "pk": 75, "fields": {"action_time": "2023-03-28T15:07:48.400Z", "user": 1, "content_type": 9, "object_id": "66", "object_repr": "-----sdada----", "action_flag": 3, "change_message": ""}}, {"model": "admin.logentry", "pk": 76, "fields": {"action_time": "2023-03-28T15:07:48.401Z", "user": 1, "content_type": 9, "object_id": "65", "object_repr": "-----sdada----", "action_flag": 3, "change_message": ""}}, {"model": "admin.logentry", "pk": 77, "fields": {"action_time": "2023-03-28T15:07:48.402Z", "user": 1, "content_type": 9, "object_id": "64", "object_repr": "-----sdada----", "action_flag": 3, "change_message": ""}}, {"model": "admin.logentry", "pk": 78, "fields": {"action_time": "2023-03-28T15:07:48.403Z", "user": 1, "content_type": 9, "object_id": "63", "object_repr": "-----sdada----", "action_flag": 3, "change_message": ""}}, {"model": "admin.logentry", "pk": 79, "fields": {"action_time": "2023-03-28T15:07:48.403Z", "user": 1, "content_type": 9, "object_id": "62", "object_repr": "-----sdada----", "action_flag": 3, "change_message": ""}}, {"model": "admin.logentry", "pk": 80, "fields": {"action_time": "2023-03-28T15:07:48.404Z", "user": 1, "content_type": 9, "object_id": "61", "object_repr": "-----sdada----", "action_flag": 3, "change_message": ""}}, {"model": "admin.logentry", "pk": 81, "fields": {"action_time": "2023-03-28T15:07:48.405Z", "user": 1, "content_type": 9, "object_id": "60", "object_repr": "-----sdada----", "action_flag": 3, "change_message": ""}}, {"model": "admin.logentry", "pk": 82, "fields": {"action_time": "2023-03-28T15:07:48.406Z", "user": 1, "content_type": 9, "object_id": "59", "object_repr": "-----sdada----", "action_flag": 3, "change_message": ""}}, {"model": "admin.logentry", "pk": 83, "fields": {"action_time": "2023-03-28T15:07:48.406Z", "user": 1, "content_type": 9, "object_id": "58", "object_repr": "-----sdada----", "action_flag": 3, "change_message": ""}}, {"model": "admin.logentry", "pk": 84, "fields": {"action_time": "2023-03-28T15:07:48.407Z", "user": 1, "content_type": 9, "object_id": "57", "object_repr": "-----sdada----", "action_flag": 3, "change_message": ""}}, {"model": "admin.logentry", "pk": 85, "fields": {"action_time": "2023-03-28T15:07:48.408Z", "user": 1, "content_type": 9, "object_id": "56", "object_repr": "-----sdada----", "action_flag": 3, "change_message": ""}}, {"model": "admin.logentry", "pk": 86, "fields": {"action_time": "2023-03-28T15:08:24.516Z", "user": 1, "content_type": 14, "object_id": "1", "object_repr": "-----sdada---- в избранном у tata", "action_flag": 1, "change_message": "[{\"added\": {}}]"}}, {"model": "admin.logentry", "pk": 87, "fields": {"action_time": "2023-03-28T15:09:42.717Z", "user": 1, "content_type": 13, "object_id": "1", "object_repr": "-----sdada---- в корзине у tata", "action_flag": 1, "change_message": "[{\"added\": {}}]"}}, {"model": "admin.logentry", "pk": 88, "fields": {"action_time": "2023-03-29T07:29:11.235Z", "user": 1, "content_type": 12, "object_id": "2", "object_repr": "Subscription object (2)", "action_flag": 1, "change_message": "[{\"added\": {}}]"}}, {"model": "admin.logentry", "pk": 89, "fields": {"action_time": "2023-03-29T09:08:43.202Z", "user": 1, "content_type": 12, "object_id": "3", "object_repr": "Subscription object (3)", "action_flag": 1, "change_message": "[{\"added\": {}}]"}}, {"model": "admin.logentry", "pk": 90, "fields": {"action_time": "2023-03-29T09:08:49.825Z", "user": 1, "content_type": 12, "object_id": "4", "object_repr": "Subscription object (4)", "action_flag": 1, "change_message": "[{\"added\": {}}]"}}, {"model": "admin.logentry", "pk": 91, "fields": {"action_time": "2023-03-30T13:33:02.476Z", "user": 1, "content_type": 9, "object_id": "3", "object_repr": "1616", "action_flag": 2, "change_message": "[{\"changed\": {\"name\": \"food recipe\", \"object\": \"FoodRecipe object (3)\", \"fields\": [\"\\u0418\\u043d\\u0433\\u0440\\u0435\\u0434\\u0438\\u0435\\u043d\\u0442\\u044b\"]}}]"}}, {"model": "admin.logentry", "pk": 92, "fields": {"action_time": "2023-03-30T13:33:44.322Z", "user": 1, "content_type": 13, "object_id": "1", "object_repr": "-----sdada---- в корзине у tata", "action_flag": 3, "change_message": ""}}, {"model": "admin.logentry", "pk": 93, "fields": {"action_time": "2023-03-30T13:34:44.073Z", "user": 1, "content_type": 13, "object_id": "7", "object_repr": "15_10 в корзине у tata", "action_flag": 1, "change_message": "[{\"added\": {}}]"}}, {"model": "admin.logentry", "pk": 94, "fields": {"action_time": "2023-04-11T15:15:52.001Z", "user": 1, "content_type": 13, "object_id": "12", "object_repr": "etc в корзине у qwerty", "action_flag": 3, "change_message": ""}}, {"model": "admin.logentry", "pk": 95, "fields": {"action_time": "2023-04-11T15:15:52.005Z", "user": 1, "content_type": 13, "object_id": "11", "object_repr": "-----sdada---- в корзине у qwerty", "action_flag": 3, "change_message": ""}}, {"model": "admin.logentry", "pk": 96, "fields": {"action_time": "2023-04-11T15:15:52.006Z", "user": 1, "content_type": 13, "object_id": "10", "object_repr": "api_rec в корзине у asd", "action_flag": 3, "change_message": ""}}, {"model": "admin.logentry", "pk": 97, "fields": {"action_time": "2023-04-11T15:15:52.007Z", "user": 1, "content_type": 13, "object_id": "7", "object_repr": "15_10 в корзине у tata", "action_flag": 3, "change_message": ""}}, {"model": "admin.logentry", "pk": 98, "fields": {"action_time": "2023-04-11T15:15:52.009Z", "user": 1, "content_type": 13, "object_id": "6", "object_repr": "1616 в корзине у tata", "action_flag": 3, "change_message": ""}}, {"model": "auth.permission", "pk": 1, "fields": {"name": "Can add log entry", "content_type": 1, "codename": "add_logentry"}}, {"model": "auth.permission", "pk": 2, "fields": {"name": "Can change log entry", "content_type": 1, "codename": "change_logentry"}}, {"model": "auth.permission", "pk": 3, "fields": {"name": "Can delete log entry", "content_type": 1, "codename": "delete_logentry"}}, {"model": "auth.permission", "pk": 4, "fields": {"name": "Can view log entry", "content_type": 1, "codename": "view_logentry"}}, {"model": "auth.permission", "pk": 5, "fields": {"name": "Can add permission", "content_type": 2, "codename": "add_permission"}}, {"model": "auth.permission", "pk": 6, "fields": {"name": "Can change permission", "content_type": 2, "codename": "change_permission"}}, {"model": "auth.permission", "pk": 7, "fields": {"name": "Can delete permission", "content_type": 2, "codename": "delete_permission"}}, {"model": "auth.permission", "pk": 8, "fields": {"name": "Can view permission", "content_type": 2, "codename": "view_permission"}}, {"model": "auth.permission", "pk": 9, "fields": {"name": "Can add group", "content_type": 3, "codename": "add_group"}}, {"model": "auth.permission", "pk": 10, "fields": {"name": "Can change group", "content_type": 3, "codename": "change_group"}}, {"model": "auth.permission", "pk": 11, "fields": {"name": "Can delete group", "content_type": 3, "codename": "delete_group"}}, {"model": "auth.permission", "pk": 12, "fields": {"name": "Can view group", "content_type": 3, "codename": "view_group"}}, {"model": "auth.permission", "pk": 13, "fields": {"name": "Can add content type", "content_type": 4, "codename": "add_contenttype"}}, {"model": "auth.permission", "pk": 14, "fields": {"name": "Can change content type", "content_type": 4, "codename": "change_contenttype"}}, {"model": "auth.permission", "pk": 15, "fields": {"name": "Can delete content type", "content_type": 4, "codename": "delete_contenttype"}}, {"model": "auth.permission", "pk": 16, "fields": {"name": "Can view content type", "content_type": 4, "codename": "view_contenttype"}}, {"model": "auth.permission", "pk": 17, "fields": {"name": "Can add session", "content_type": 5, "codename": "add_session"}}, {"model": "auth.permission", "pk": 18, "fields": {"name": "Can change session", "content_type": 5, "codename": "change_session"}}, {"model": "auth.permission", "pk": 19, "fields": {"name": "Can delete session", "content_type": 5, "codename": "delete_session"}}, {"model": "auth.permission", "pk": 20, "fields": {"name": "Can view session", "content_type": 5, "codename": "view_session"}}, {"model": "auth.permission", "pk": 21, "fields": {"name": "Can add user", "content_type": 6, "codename": "add_user"}}, {"model": "auth.permission", "pk": 22, "fields": {"name": "Can change user", "content_type": 6, "codename": "change_user"}}, {"model": "auth.permission", "pk": 23, "fields": {"name": "Can delete user", "content_type": 6, "codename": "delete_user"}}, {"model": "auth.permission", "pk": 24, "fields": {"name": "Can view user", "content_type": 6, "codename": "view_user"}}, {"model": "auth.permission", "pk": 25, "fields": {"name": "Can add food", "content_type": 7, "codename": "add_food"}}, {"model": "auth.permission", "pk": 26, "fields": {"name": "Can change food", "content_type": 7, "codename": "change_food"}}, {"model": "auth.permission", "pk": 27, "fields": {"name": "Can delete food", "content_type": 7, "codename": "delete_food"}}, {"model": "auth.permission", "pk": 28, "fields": {"name": "Can view food", "content_type": 7, "codename": "view_food"}}, {"model": "auth.permission", "pk": 29, "fields": {"name": "Can add food recipe", "content_type": 8, "codename": "add_foodrecipe"}}, {"model": "auth.permission", "pk": 30, "fields": {"name": "Can change food recipe", "content_type": 8, "codename": "change_foodrecipe"}}, {"model": "auth.permission", "pk": 31, "fields": {"name": "Can delete food recipe", "content_type": 8, "codename": "delete_foodrecipe"}}, {"model": "auth.permission", "pk": 32, "fields": {"name": "Can view food recipe", "content_type": 8, "codename": "view_foodrecipe"}}, {"model": "auth.permission", "pk": 33, "fields": {"name": "Can add recipe", "content_type": 9, "codename": "add_recipe"}}, {"model": "auth.permission", "pk": 34, "fields": {"name": "Can change recipe", "content_type": 9, "codename": "change_recipe"}}, {"model": "auth.permission", "pk": 35, "fields": {"name": "Can delete recipe", "content_type": 9, "codename": "delete_recipe"}}, {"model": "auth.permission", "pk": 36, "fields": {"name": "Can view recipe", "content_type": 9, "codename": "view_recipe"}}, {"model": "auth.permission", "pk": 37, "fields": {"name": "Can add tag", "content_type": 10, "codename": "add_tag"}}, {"model": "auth.permission", "pk": 38, "fields": {"name": "Can change tag", "content_type": 10, "codename": "change_tag"}}, {"model": "auth.permission", "pk": 39, "fields": {"name": "Can delete tag", "content_type": 10, "codename": "delete_tag"}}, {"model": "auth.permission", "pk": 40, "fields": {"name": "Can view tag", "content_type": 10, "codename": "view_tag"}}, {"model": "auth.permission", "pk": 41, "fields": {"name": "Can add tag recipe", "content_type": 11, "codename": "add_tagrecipe"}}, {"model": "auth.permission", "pk": 42, "fields": {"name": "Can change tag recipe", "content_type": 11, "codename": "change_tagrecipe"}}, {"model": "auth.permission", "pk": 43, "fields": {"name": "Can delete tag recipe", "content_type": 11, "codename": "delete_tagrecipe"}}, {"model": "auth.permission", "pk": 44, "fields": {"name": "Can view tag recipe", "content_type": 11, "codename": "view_tagrecipe"}}, {"model": "auth.permission", "pk": 45, "fields": {"name": "Can add subscription", "content_type": 12, "codename": "add_subscription"}}, {"model": "auth.permission", "pk": 46, "fields": {"name": "Can change subscription", "content_type": 12, "codename": "change_subscription"}}, {"model": "auth.permission", "pk": 47, "fields": {"name": "Can delete subscription", "content_type": 12, "codename": "delete_subscription"}}, {"model": "auth.permission", "pk": 48, "fields": {"name": "Can view subscription", "content_type": 12, "codename": "view_subscription"}}, {"model": "auth.permission", "pk": 49, "fields": {"name": "Can add сart", "content_type": 13, "codename": "add_сart"}}, {"model": "auth.permission", "pk": 50, "fields": {"name": "Can change сart", "content_type": 13, "codename": "change_сart"}}, {"model": "auth.permission", "pk": 51, "fields": {"name": "Can delete сart", "content_type": 13, "codename": "delete_сart"}}, {"model": "auth.permission", "pk": 52, "fields": {"name": "Can view сart", "content_type": 13, "codename": "view_сart"}}, {"model": "auth.permission", "pk": 53, "fields": {"name": "Can add favorites", "content_type": 14, "codename": "add_favorites"}}, {"model": "auth.permission", "pk": 54, "fields": {"name": "Can change favorites", "content_type": 14, "codename": "change_favorites"}}, {"model": "auth.permission", "pk": 55, "fields": {"name": "Can delete favorites", "content_type": 14, "codename": "delete_favorites"}}, {"model": "auth.permission", "pk": 56, "fields": {"name": "Can view favorites", "content_type": 14, "codename": "view_favorites"}}, {"model": "auth.permission", "pk": 57, "fields": {"name": "Can add shopping basker", "content_type": 13, "codename": "add_shoppingbasker"}}, {"model": "auth.permission", "pk": 58, "fields": {"name": "Can change shopping basker", "content_type": 13, "codename": "change_shoppingbasker"}}, {"model": "auth.permission", "pk": 59, "fields": {"name": "Can delete shopping basker", "content_type": 13, "codename": "delete_shoppingbasker"}}, {"model": "auth.permission", "pk": 60, "fields": {"name": "Can view shopping basker", "content_type": 13, "codename": "view_shoppingbasker"}}, {"model": "auth.permission", "pk": 61, "fields": {"name": "Can add Token", "content_type": 15, "codename": "add_token"}}, {"model": "auth.permission", "pk": 62, "fields": {"name": "Can change Token", "content_type": 15, "codename": "change_token"}}, {"model": "auth.permission", "pk": 63, "fields": {"name": "Can delete Token", "content_type": 15, "codename": "delete_token"}}, {"model": "auth.permission", "pk": 64, "fields": {"name": "Can view Token", "content_type": 15, "codename": "view_token"}}, {"model": "auth.permission", "pk": 65, "fields": {"name": "Can add token", "content_type": 16, "codename": "add_tokenproxy"}}, {"model": "auth.permission", "pk": 66, "fields": {"name": "Can change token", "content_type": 16, "codename": "change_tokenproxy"}}, {"model": "auth.permission", "pk": 67, "fields": {"name": "Can delete token", "content_type": 16, "codename": "delete_tokenproxy"}}, {"model": "auth.permission", "pk": 68, "fields": {"name": "Can view token", "content_type": 16, "codename": "view_tokenproxy"}}, {"model": "auth.permission", "pk": 69, "fields": {"name": "Can add shopping basket", "content_type": 13, "codename": "add_shoppingbasket"}}, {"model": "auth.permission", "pk": 70, "fields": {"name": "Can change shopping basket", "content_type": 13, "codename": "change_shoppingbasket"}}, {"model": "auth.permission", "pk": 71, "fields": {"name": "Can delete shopping basket", "content_type": 13, "codename": "delete_shoppingbasket"}}, {"model": "auth.permission", "pk": 72, "fields": {"name": "Can view shopping basket", "content_type": 13, "codename": "view_shoppingbasket"}}, {"model": "contenttypes.contenttype", "pk": 1, "fields": {"app_label": "admin", "model": "logentry"}}, {"model": "contenttypes.contenttype", "pk": 2, "fields": {"app_label": "auth", "model": "permission"}}, {"model": "contenttypes.contenttype", "pk": 3, "fields": {"app_label": "auth", "model": "group"}}, {"model": "contenttypes.contenttype", "pk": 4, "fields": {"app_label": "contenttypes", "model": "contenttype"}}, {"model": "contenttypes.contenttype", "pk": 5, "fields": {"app_label": "sessions", "model": "session"}}, {"model": "contenttypes.contenttype", "pk": 6, "fields": {"app_label": "users", "model": "user"}}, {"model": "contenttypes.contenttype", "pk": 7, "fields": {"app_label": "food", "model": "food"}}, {"model": "contenttypes.contenttype", "pk": 8, "fields": {"app_label": "food", "model": "foodrecipe"}}, {"model": "contenttypes.contenttype", "pk": 9, "fields": {"app_label": "food", "model": "recipe"}}, {"model": "contenttypes.contenttype", "pk": 10, "fields": {"app_label": "food", "model": "tag"}}, {"model": "contenttypes.contenttype", "pk": 11, "fields": {"app_label": "food", "model": "tagrecipe"}}, {"model": "contenttypes.contenttype", "pk": 12, "fields": {"app_label": "users", "model": "subscription"}}, {"model": "contenttypes.contenttype", "pk": 13, "fields": {"app_label": "food", "model": "shoppingbasket"}}, {"model": "contenttypes.contenttype", "pk": 14, "fields": {"app_label": "food", "model": "favorites"}}, {"model": "contenttypes.contenttype", "pk": 15, "fields": {"app_label": "authtoken", "model": "token"}}, {"model": "contenttypes.contenttype", "pk": 16, "fields": {"app_label": "authtoken", "model": "tokenproxy"}}, {"model": "sessions.session", "pk": "87haypcceouet87oohmg3a4yfbaapud0", "fields": {"session_data": ".eJxVjEEOwiAQRe_C2hCgQMWl-56BzAyDVA0kpV0Z765NutDtf-_9l4iwrSVunZc4J3ERWpx-NwR6cN1BukO9NUmtrsuMclfkQbucWuLn9XD_Dgr08q0pDJr12Xnn1cCYtEPFPqByBpmQs8sGDCiLNJJBlTUzWA55HDCATeL9Ae-tONs:1pmFPo:mwvVrS_dzLOajn1ewqXZCkUtDrjIi21NomWWywOQD5s", "expire_date": "2023-04-25T14:56:12.402Z"}}, {"model": "users.user", "pk": 1, "fields": {"last_login": "2023-04-15T17:26:03.818Z", "is_superuser": true, "is_staff": true, "is_active": true, "date_joined": "2023-03-23T10:56:29.001Z", "role": "user", "username": "admin", "password": "pbkdf2_sha256$390000$ywOJK4oTIKk6rrmEH5ZfBS$RbfJQic3WkKewP57boRj9hDINdGI2O23r5RGz0CU2Ao=", "email": "admin@foodgram.com", "first_name": "admin", "last_name": "admin", "groups": [], "user_permissions": []}}, {"model": "users.user", "pk": 2, "fields": {"last_login": null, "is_superuser": false, "is_staff": false, "is_active": true, "date_joined": "2023-03-23T12:47:05Z", "role": "user", "username": "tester", "password": "tester", "email": "tester@foodgram.com", "first_name": "tes", "last_name": "ter", "groups": [], "user_permissions": []}}, {"model": "users.user", "pk": 3, "fields": {"last_login": null, "is_superuser": false, "is_staff": false, "is_active": true, "date_joined": "2023-03-24T05:30:01.064Z", "role": "user", "username": "vasya.pupkin", "password": "Qwerty123", "email": "vpupkin@yandex.ru", "first_name": "Вася", "last_name": "Пупкин", "groups": [], "user_permissions": []}}, {"model": "users.user", "pk": 4, "fields": {"last_login": "2023-03-28T15:07:59.090Z", "is_superuser": false, "is_staff": false, "is_active": true, "date_joined": "2023-03-24T06:56:24.292Z", "role": "user", "username": "tata", "password": "pbkdf2_sha256$390000$gSGQbHYf5SqecZcFBemgmb$wjTvyvWn11Yqbg5KlKXL8B+7o1VLNJfwtMsuC3qvCUg=", "email": "tata@tata.ru", "first_name": "", "last_name": "", "groups": [], "user_permissions": []}}, {"model": "users.user", "pk": 5, "fields": {"last_login": null, "is_superuser": false, "is_staff": false, "is_active": true, "date_joined": "2023-03-24T07:09:59.194Z", "role": "user", "username": "tata2", "password": "pbkdf2_sha256$390000$hkPV6BJ6OaWyRUAWSHSeYD$nC/hcUlYqlZwd+11QG/wk9VrsVA+VXzjnthxBHurE0U=", "email": "tata2@tata.ru", "first_name": "", "last_name": "", "groups": [], "user_permissions": []}}, {"model": "users.user", "pk": 6, "fields": {"last_login": "2023-04-05T01:44:07.681Z", "is_superuser": false, "is_staff": false, "is_active": true, "date_joined": "2023-04-05T01:43:56.912Z", "role": "user", "username": "asd", "password": "pbkdf2_sha256$390000$2z3ol6480dQDGRxFBE8gJb$WJiLA2PZ1xA/2rfxs3wmLsiC1H9DjlJyY1XInl06/GE=", "email": "asdasd@asd.asd", "first_name": "", "last_name": "", "groups": [], "user_permissions": []}}, {"model": "users.user", "pk": 7, "fields": {"last_login": "2023-04-05T04:06:38.878Z", "is_superuser": false, "is_staff": false, "is_active": true, "date_joined": "2023-04-05T04:06:25.315Z", "role": "user", "username": "qwerty", "password": "pbkdf2_sha256$390000$TxrGbJLBThSX5iv29KusJt$tTo2RkwSHwHY/lFaskMZuxArjnLwbXlVDiOszOBeCjY=", "email": "qwerty@qwe.qwe", "first_name": "qwerty", "last_name": "rtyqwe", "groups": [], "user_permissions": []}}, {"model": "users.user", "pk": 8, "fields": {"last_login": "2023-04-05T07:09:16.238Z", "is_superuser": true, "is_staff": true, "is_active": true, "date_joined": "2023-04-05T07:07:46.777Z", "role": "admin", "username": "zxc", "password": "pbkdf2_sha256$390000$Gpq2PocB063t7n8O8Ghpok$LNU6L6i1W+Dkuo0WWdCWyaFxgZlMBeGPkWh24wxjQeU=", "email": "zxc@zxc.zxc", "first_name": "zxc", "last_name": "zxc", "groups": [], "user_permissions": []}}, {"model": "users.subscription", "pk": 1, "fields": {"author": 1, "sub": 2}}, {"model": "users.subscription", "pk": 2, "fields": {"author": 1, "sub": 4}}, {"model": "users.subscription", "pk": 3, "fields": {"author": 5, "sub": 4}}, {"model": "users.subscription", "pk": 4, "fields": {"author": 3, "sub": 4}}, {"model": "users.subscription", "pk": 5, "fields": {"author": 4, "sub": 4}}, {"model": "users.subscription", "pk": 9, "fields": {"author": 2, "sub": 6}}, {"model": "users.subscription", "pk": 10, "fields": {"author": 1, "sub": 6}}, {"model": "users.subscription", "pk": 15, "fields": {"author": 7, "sub": 8}}, {"model": "users.subscription", "pk": 16, "fields": {"author": 2, "sub": 4}}, {"model": "users.subscription", "pk": 17, "fields": {"author": 8, "sub": 1}}, {"model": "users.subscription", "pk": 20, "fields": {"author": 2, "sub": 8}}, {"model": "users.subscription", "pk": 21, "fields": {"author": 2, "sub": 1}}, {"model": "users.subscription", "pk": 22, "fields": {"author": 7, "sub": 1}}, {"model": "food.tag", "pk": 1, "fields": {"name": "tag1", "color": "3131", "slug": "tag_1"}}, {"model": "food.tag", "pk": 2, "fields": {"name": "tag2", "color": "rpe231e", "slug": "tag_2"}}, {"model": "food.tag", "pk": 3, "fields": {"name": "red", "color": "#CD5C5C", "slug": "red"}}, {"model": "food.tag", "pk": 4, "fields": {"name": "black", "color": "#000000", "slug": "black"}}, {"model": "food.tag", "pk": 5, "fields": {"name": "olive", "color": "#808000", "slug": "olive"}}, {"model": "food.food", "pk": 1, "fields": {"name": "potato", "measurement_unit": "s"}}, {"model": "food.food", "pk": 2, "fields": {"name": "carrot", "measurement_unit": "p"}}, {"model": "food.recipe", "pk": 1, "fields": {"author": 1, "name": "-----sdada----", "image": "", "text": "api_test_123", "cooking_time": 12, "pub_date": "2023-04-05T06:54:51.505Z"}}, {"model": "food.recipe", "pk": 2, "fields": {"author": 1, "name": "testtt", "image": "", "text": "adfsafasdfa", "cooking_time": 11, "pub_date": "2023-04-05T06:54:51.505Z"}}, {"model": "food.recipe", "pk": 3, "fields": {"author": 1, "name": "1616", "image": "", "text": "dqwadadsa", "cooking_time": 4, "pub_date": "2023-04-05T06:54:51.505Z"}}, {"model": "food.recipe", "pk": 4, "fields": {"author": 4, "name": "api_rec", "image": "", "text": "api_test", "cooking_time": 12, "pub_date": "2023-04-05T06:54:51.505Z"}}, {"model": "food.recipe", "pk": 54, "fields": {"author": 4, "name": "-----sdada----", "image": "", "text": "api_test_123", "cooking_time": 12, "pub_date": "2023-04-05T06:54:51.505Z"}}, {"model": "food.recipe", "pk": 55, "fields": {"author": 2, "name": "15_10", "image": "", "text": "ndjasdnas", "cooking_time": 14, "pub_date": "2023-04-05T06:54:51.505Z"}}, {"model": "food.recipe", "pk": 79, "fields": {"author": 1, "name": "qwe123", "image": "food/73a89e9e-f597-480f-a47a-bdc9d078e536.png", "text": "ssdsdasdasdas", "cooking_time": 22, "pub_date": "2023-04-05T06:54:51.505Z"}}, {"model": "food.recipe", "pk": 80, "fields": {"author": 1, "name": "qwe123", "image": "food/caab2c44-bf69-4a70-9f26-1fdefee3b26c.png", "text": "ssdsdasdasdas", "cooking_time": 22, "pub_date": "2023-04-05T06:54:51.505Z"}}, {"model": "food.recipe", "pk": 81, "fields": {"author": 4, "name": "new_new_123", "image": "", "text": "ssdsdasdasdas", "cooking_time": 22, "pub_date": "2023-04-05T06:54:51.505Z"}}, {"model": "food.recipe", "pk": 82, "fields": {"author": 4, "name": "new_new_123", "image": "", "text": "ssdsdasdasdas", "cooking_time": 22, "pub_date": "2023-04-05T06:54:51.505Z"}}, {"model": "food.recipe", "pk": 83, "fields": {"author": 4, "name": "new_new_123", "image": "", "text": "ssdsdasdasdas", "cooking_time": 22, "pub_date": "2023-04-05T06:54:51.505Z"}}, {"model": "food.recipe", "pk": 84, "fields": {"author": 4, "name": "new_new_123", "image": "", "text": "ssdsdasdasdas", "cooking_time": 22, "pub_date": "2023-04-05T06:54:51.505Z"}}, {"model": "food.recipe", "pk": 85, "fields": {"author": 1, "name": "saS", "image": "food/27894740-9c2d-4550-99e2-9d7b56c38010.png", "text": "asdasca", "cooking_time": 11, "pub_date": "2023-04-05T06:54:51.505Z"}}, {"model": "food.recipe", "pk": 86, "fields": {"author": 1, "name": "saS", "image": "food/a60ff07c-8363-4604-8506-00f86d15f3a3.png", "text": "asdasca", "cooking_time": 11, "pub_date": "2023-04-05T06:54:51.505Z"}}, {"model": "food.recipe", "pk": 87, "fields": {"author": 1, "name": "sasasasasa", "image": "food/2c87df7f-2ee9-436a-8e86-eeae847d8126.png", "text": "qweqweqweq", "cooking_time": 45, "pub_date": "2023-04-05T06:54:51.505Z"}}, {"model": "food.recipe", "pk": 88, "fields": {"author": 1, "name": "sasasasasa", "image": "food/0bc7fef4-ca88-42fa-8192-4d9d4f3f4068.png", "text": "qweqweqweq", "cooking_time": 45, "pub_date": "2023-04-05T06:54:51.505Z"}}, {"model": "food.recipe", "pk": 89, "fields": {"author": 1, "name": "123_123_123", "image": "food/e3355062-88d3-46c4-a5ab-dc6b4d771b9e.png", "text": "mewklfmewlkmwekmc", "cooking_time": 33, "pub_date": "2023-04-05T06:54:51.505Z"}}, {"model": "food.recipe", "pk": 90, "fields": {"author": 4, "name": "new_new_123", "image": "", "text": "ssdsdasdasdas", "cooking_time": 22, "pub_date": "2023-04-05T06:54:51.505Z"}}, {"model": "food.recipe", "pk": 91, "fields": {"author": 4, "name": "new_new_123", "image": "", "text": "ssdsdasdasdas", "cooking_time": 22, "pub_date": "2023-04-05T06:54:51.505Z"}}, {"model": "food.recipe", "pk": 92, "fields": {"author": 6, "name": "asd_reec", "image": "food/e52cb0cf-2eca-4218-8201-d8437210a233.png", "text": "asdqd", "cooking_time": 14, "pub_date": "2023-04-05T06:54:51.505Z"}}, {"model": "food.recipe", "pk": 93, "fields": {"author": 6, "name": "asd_reec", "image": "food/fdb6c41a-96d9-4f73-88ef-4352230c08d5.png", "text": "asdqd", "cooking_time": 14, "pub_date": "2023-04-05T06:54:51.505Z"}}, {"model": "food.recipe", "pk": 94, "fields": {"author": 6, "name": "asd_reec", "image": "food/dd0aa99c-6b07-4540-a6dc-0b2051bd6481.png", "text": "asdqd", "cooking_time": 14, "pub_date": "2023-04-05T06:54:51.505Z"}}, {"model": "food.recipe", "pk": 95, "fields": {"author": 6, "name": "asd_reec", "image": "food/773be70c-f24a-4e11-90ad-96bf05a2fe18.png", "text": "asdqd", "cooking_time": 14, "pub_date": "2023-04-05T06:54:51.505Z"}}, {"model": "food.recipe", "pk": 96, "fields": {"author": 7, "name": "azalea", "image": "food/6b592a2a-13bd-4865-8cdc-c441647da387.png", "text": "sjisxjksnx", "cooking_time": 11, "pub_date": "2023-04-05T06:54:51.505Z"}}, {"model": "food.recipe", "pk": 97, "fields": {"author": 7, "name": "etc", "image": "food/5cada94e-382e-437f-83df-a168a114c75d.png", "text": "123123", "cooking_time": 3, "pub_date": "2023-04-05T06:56:32.719Z"}}, {"model": "food.recipe", "pk": 98, "fields": {"author": 8, "name": "xxc_rec", "image": "food/d68c9469-1a9b-4eee-a571-f545e68ae827.png", "text": "sdasxsaxaxa", "cooking_time": 12, "pub_date": "2023-04-05T07:10:05.617Z"}}, {"model": "food.recipe", "pk": 99, "fields": {"author": 8, "name": "dads", "image": "food/68eb2760-2742-4bd9-a703-5abc42271fec.png", "text": "qeqwdsdsxsxsxs", "cooking_time": 11, "pub_date": "2023-04-05T14:35:12.437Z"}}, {"model": "food.tagrecipe", "pk": 1, "fields": {"tag": 2, "recipe": 3}}, {"model": "food.tagrecipe", "pk": 2, "fields": {"tag": 1, "recipe": 3}}, {"model": "food.tagrecipe", "pk": 3, "fields": {"tag": 3, "recipe": 55}}, {"model": "food.tagrecipe", "pk": 4, "fields": {"tag": 4, "recipe": 55}}, {"model": "food.tagrecipe", "pk": 8, "fields": {"tag": 3, "recipe": 1}}, {"model": "food.tagrecipe", "pk": 9, "fields": {"tag": 3, "recipe": 84}}, {"model": "food.tagrecipe", "pk": 10, "fields": {"tag": 3, "recipe": 86}}, {"model": "food.tagrecipe", "pk": 11, "fields": {"tag": 4, "recipe": 86}}, {"model": "food.tagrecipe", "pk": 12, "fields": {"tag": 5, "recipe": 86}}, {"model": "food.tagrecipe", "pk": 13, "fields": {"tag": 3, "recipe": 87}}, {"model": "food.tagrecipe", "pk": 14, "fields": {"tag": 4, "recipe": 87}}, {"model": "food.tagrecipe", "pk": 15, "fields": {"tag": 5, "recipe": 87}}, {"model": "food.tagrecipe", "pk": 16, "fields": {"tag": 3, "recipe": 88}}, {"model": "food.tagrecipe", "pk": 17, "fields": {"tag": 4, "recipe": 88}}, {"model": "food.tagrecipe", "pk": 18, "fields": {"tag": 5, "recipe": 88}}, {"model": "food.tagrecipe", "pk": 19, "fields": {"tag": 4, "recipe": 89}}, {"model": "food.tagrecipe", "pk": 20, "fields": {"tag": 5, "recipe": 89}}, {"model": "food.tagrecipe", "pk": 21, "fields": {"tag": 3, "recipe": 91}}, {"model": "food.tagrecipe", "pk": 22, "fields": {"tag": 4, "recipe": 95}}, {"model": "food.tagrecipe", "pk": 23, "fields": {"tag": 5, "recipe": 95}}, {"model": "food.tagrecipe", "pk": 24, "fields": {"tag": 3, "recipe": 96}}, {"model": "food.tagrecipe", "pk": 25, "fields": {"tag": 5, "recipe": 96}}, {"model": "food.tagrecipe", "pk": 26, "fields": {"tag": 5, "recipe": 97}}, {"model": "food.tagrecipe", "pk": 39, "fields": {"tag": 5, "recipe": 98}}, {"model": "food.tagrecipe", "pk": 40, "fields": {"tag": 3, "recipe": 98}}, {"model": "food.tagrecipe", "pk": 41, "fields": {"tag": 1, "recipe": 98}}, {"model": "food.tagrecipe", "pk": 44, "fields": {"tag": 4, "recipe": 99}}, {"model": "food.tagrecipe", "pk": 45, "fields": {"tag": 5, "recipe": 99}}, {"model": "food.foodrecipe", "pk": 1, "fields": {"food": 1, "recipe": 2, "amount": 3}}, {"model": "food.foodrecipe", "pk": 2, "fields": {"food": 2, "recipe": 2, "amount": 1}}, {"model": "food.foodrecipe", "pk": 3, "fields": {"food": 2, "recipe": 3, "amount": 12}}, {"model": "food.foodrecipe", "pk": 32, "fields": {"food": 1, "recipe": 55, "amount": 3}}, {"model": "food.foodrecipe", "pk": 39, "fields": {"food": 1, "recipe": 1, "amount": 22}}, {"model": "food.foodrecipe", "pk": 40, "fields": {"food": 2, "recipe": 1, "amount": 3}}, {"model": "food.foodrecipe", "pk": 41, "fields": {"food": 1, "recipe": 84, "amount": 11}}, {"model": "food.foodrecipe", "pk": 42, "fields": {"food": 1, "recipe": 86, "amount": 2}}, {"model": "food.foodrecipe", "pk": 43, "fields": {"food": 1, "recipe": 88, "amount": 3}}, {"model": "food.foodrecipe", "pk": 44, "fields": {"food": 1, "recipe": 89, "amount": 4}}, {"model": "food.foodrecipe", "pk": 45, "fields": {"food": 1, "recipe": 91, "amount": 11}}, {"model": "food.foodrecipe", "pk": 46, "fields": {"food": 1, "recipe": 95, "amount": 1}}, {"model": "food.foodrecipe", "pk": 47, "fields": {"food": 1, "recipe": 96, "amount": 12}}, {"model": "food.foodrecipe", "pk": 48, "fields": {"food": 2, "recipe": 97, "amount": 2}}, {"model": "food.foodrecipe", "pk": 60, "fields": {"food": 2, "recipe": 98, "amount": 11}}, {"model": "food.foodrecipe", "pk": 61, "fields": {"food": 1, "recipe": 98, "amount": 1}}, {"model": "food.foodrecipe", "pk": 63, "fields": {"food": 2, "recipe": 99, "amount": 12}}, {"model": "food.foodrecipe", "pk": 64, "fields": {"food": 1, "recipe": 99, "amount": 2}}, {"model": "food.shoppingbasket", "pk": 16, "fields": {"recipe": 98, "user": 8}}, {"model": "food.shoppingbasket", "pk": 17, "fields": {"recipe": 97, "user": 8}}, {"model": "food.favorites", "pk": 1, "fields": {"recipe": 1, "user": 4}}, {"model": "food.favorites", "pk": 16, "fields": {"recipe": 99, "user": 8}}, {"model": "food.favorites", "pk": 17, "fields": {"recipe": 3, "user": 8}}, {"model": "food.favorites", "pk": 18, "fields": {"recipe": 97, "user": 8}}, {"model": "food.favorites", "pk": 19, "fields": {"recipe": 98, "user": 8}}, {"model": "food.favorites", "pk": 20, "fields": {"recipe": 98, "user": 1}}, {"model": "food.favorites", "pk": 21, "fields": {"recipe": 55, "user": 1}}, {"model": "food.favorites", "pk": 22, "fields": {"recipe": 96, "user": 1}}, {"model": "authtoken.token", "pk": "dee3edebdf15dac7be1542be7b6abf639952e1d7", "fields": {"user": 4, "created": "2023-03-24T06:56:56.600Z"}}, {"model": "authtoken.token", "pk": "f53bd5e12ee49018493f7a7c80c17dd906521201", "fields": {"user": 1, "created": "2023-04-06T18:38:03.486Z"}}]